unique_key,created_date,closed_date,agency,agency_name,complaint_type,descriptor,location_type,incident_zip,city,status,borough,open_data_channel_type,latitude,longitude
63577994,2025-01-01T00:00:12.000,2025-01-02T17:05:54.000,NYPD,New York City Police Department,Noise - Residential,Loud Music/Party,Residential Building/House,10466,BRONX,Closed,BRONX,MOBILE,40.89187241649303,-73.86016845296459
63584096,2025-01-01T00:00:13.000,2025-01-01T00:05:19.000,NYPD,New York City Police Department,Noise - Residential,Loud Music/Party,Residential Building/House,11211,BROOKLYN,Closed,BROOKLYN,MOBILE,40.71120965026345,-73.95897331500413
63581480,2025-01-01T00:00:17.000,2025-01-01T09:01:06.000,NYPD,New York City Police Department,Noise - Residential,Loud Music/Party,Residential Building/House,10466,BRONX,Closed,BRONX,MOBILE,40.89187241649303,-73.86016845296459
63575612,2025-01-01T00:00:19.000,2025-01-01T00:43:08.000,NYPD,New York City Police Department,Illegal Fireworks,N/A,Street/Sidewalk,11230,BROOKLYN,Closed,BROOKLYN,ONLINE,40.62923998368745,-73.96879043074365
63586536,2025-01-01T00:00:34.000,2025-01-02T12:04:30.000,HPD,Department of Housing Preservation and Development,HEAT/HOT WATER,APARTMENT ONLY,RESIDENTIAL BUILDING,10466,BRONX,Closed,BRONX,ONLINE,40.89194007532644,-73.85277542800861
63593943,2025-01-01T00:00:37.000,2025-01-01T22:50:30.000,HPD,Department of Housing Preservation and Development,HEAT/HOT WATER,ENTIRE BUILDING,RESIDENTIAL BUILDING,10034,NEW YORK,Closed,MANHATTAN,PHONE,40.86888690644382,-73.92284645791617
63572426,2025-01-01T00:00:42.000,2025-01-01T00:41:12.000,NYPD,New York City Police Department,Noise - Residential,Banging/Pounding,Residential Building/House,11212,BROOKLYN,Closed,BROOKLYN,PHONE,40.66660906402502,-73.92068694989489
63575947,2025-01-01T00:00:50.000,2025-01-01T01:46:05.000,NYPD,New York City Police Department,Noise - Residential,Loud Music/Party,Residential Building/House,11234,BROOKLYN,Closed,BROOKLYN,PHONE,40.631286766133385,-73.92527918930374
63581601,2025-01-01T00:00:50.000,2025-01-02T17:09:55.000,NYPD,New York City Police Department,Noise - Residential,Loud Music/Party,Residential Building/House,10466,BRONX,Closed,BRONX,MOBILE,40.89187241649303,-73.86016845296459
63576541,2025-01-01T00:01:03.000,2025-01-01T08:38:08.000,NYPD,New York City Police Department,Noise - Residential,Loud Music/Party,Residential Building/House,10466,BRONX,Closed,BRONX,MOBILE,40.89187241649303,-73.86016845296459
63584548,2025-01-01T00:01:06.000,2025-01-01T00:19:04.000,NYPD,New York City Police Department,Noise - Street/Sidewalk,Loud Music/Party,Street/Sidewalk,10029,NEW YORK,Closed,MANHATTAN,MOBILE,40.79432626805204,-73.93543971289023
63575993,2025-01-01T00:01:24.000,2025-01-01T00:43:35.000,NYPD,New York City Police Department,Noise - Street/Sidewalk,Loud Talking,Street/Sidewalk,10027,NEW YORK,Closed,MANHATTAN,PHONE,40.804486076437456,-73.94366909082243
63579629,2025-01-01T00:01:28.000,2025-01-02T17:07:28.000,NYPD,New York City Police Department,Noise - Residential,Loud Music/Party,Residential Building/House,10466,BRONX,Closed,BRONX,MOBILE,40.89187241649303,-73.86016845296459
63585577,2025-01-01T00:01:42.000,2025-01-01T00:44:35.000,NYPD,New York City Police Department,Illegal Parking,Blocked Bike Lane,Street/Sidewalk,11238,BROOKLYN,Closed,BROOKLYN,MOBILE,40.680652840928126,-73.97013281848764
63576522,2025-01-01T00:01:49.000,2025-01-01T08:38:09.000,NYPD,New York City Police Department,Noise - Residential,Loud Music/Party,Residential Building/House,10466,BRONX,Closed,BRONX,MOBILE,40.89187241649303,-73.86016845296459
63583880,2025-01-01T00:01:57.000,2025-01-01T14:58:06.000,NYPD,New York City Police Department,Blocked Driveway,No Access,Street/Sidewalk,10019,NEW YORK,Closed,MANHATTAN,PHONE,40.768216146213746,-73.98429225456572
63580493,2025-01-01T00:02:00.000,2025-01-01T00:02:00.000,DOT,Department of Transportation,Traffic Signal Condition,Controller,,11104,QUEENS,Closed,QUEENS,UNKNOWN,40.745224932173386,-73.9211310851569
63584101,2025-01-01T00:02:05.000,2025-01-01T01:03:56.000,NYPD,New York City Police Department,Illegal Fireworks,N/A,Street/Sidewalk,11374,REGO PARK,Closed,QUEENS,ONLINE,40.72502241781684,-73.8550310677977
63581599,2025-01-01T00:02:06.000,2025-01-02T16:30:14.000,NYPD,New York City Police Department,Noise - Residential,Loud Music/Party,Residential Building/House,10466,BRONX,Closed,BRONX,MOBILE,40.89187241649303,-73.86016845296459
63577385,2025-01-01T00:02:09.000,2025-01-01T00:10:31.000,NYPD,New York City Police Department,Illegal Fireworks,N/A,Street/Sidewalk,11237,BROOKLYN,Closed,BROOKLYN,ONLINE,40.70021310205122,-73.91649593056079
63579011,2025-01-01T00:02:14.000,2025-01-01T00:27:50.000,NYPD,New York City Police Department,Noise - Commercial,Loud Music/Party,Club/Bar/Restaurant,11694,FAR ROCKAWAY,Closed,QUEENS,ONLINE,40.57914008423314,-73.83680446662237
63576018,2025-01-01T00:02:24.000,2025-01-01T00:19:44.000,NYPD,New York City Police Department,Noise - Street/Sidewalk,Loud Music/Party,Street/Sidewalk,10029,NEW YORK,Closed,MANHATTAN,MOBILE,40.79307007665775,-73.94230277097093
63572417,2025-01-01T00:02:31.000,2025-01-01T00:05:50.000,NYPD,New York City Police Department,Noise - Residential,Banging/Pounding,Residential Building/House,11211,BROOKLYN,Closed,BROOKLYN,MOBILE,40.71120965026345,-73.95897331500413
63582736,2025-01-01T00:02:34.000,2025-01-01T01:07:15.000,NYPD,New York City Police Department,Noise - Street/Sidewalk,Loud Music/Party,Street/Sidewalk,10462,BRONX,Closed,BRONX,MOBILE,40.854705533167945,-73.86870171383487
63580050,2025-01-01T00:02:35.000,2025-01-01T09:01:53.000,NYPD,New York City Police Department,Noise - Residential,Loud Music/Party,Residential Building/House,10466,BRONX,Closed,BRONX,MOBILE,40.89187241649303,-73.86016845296459
63576437,2025-01-01T00:02:44.000,2025-01-02T17:08:14.000,NYPD,New York City Police Department,Noise - Residential,Loud Music/Party,Residential Building/House,10466,BRONX,Closed,BRONX,MOBILE,40.89187241649303,-73.86016845296459
63582421,2025-01-01T00:03:07.000,2025-01-01T00:42:55.000,NYPD,New York City Police Department,Illegal Fireworks,N/A,Street/Sidewalk,11230,,Closed,BROOKLYN,PHONE,40.629842190450276,-73.96322043516365
63583123,2025-01-01T00:03:15.000,2025-01-01T21:26:22.000,NYPD,New York City Police Department,Illegal Parking,Posted Parking Sign Violation,Street/Sidewalk,10022,NEW YORK,Closed,MANHATTAN,PHONE,40.758327893400825,-73.97477604435464
63583644,2025-01-01T00:03:20.000,2025-01-01T01:39:32.000,NYPD,New York City Police Department,Illegal Parking,Blocked Hydrant,Street/Sidewalk,11214,BROOKLYN,Closed,BROOKLYN,ONLINE,40.599325919526294,-73.99655022839774
63573292,2025-01-01T00:03:21.000,2025-01-01T08:38:10.000,NYPD,New York City Police Department,Noise - Residential,Loud Music/Party,Residential Building/House,10466,BRONX,Closed,BRONX,MOBILE,40.89187241649303,-73.86016845296459
63573291,2025-01-01T00:03:23.000,2025-01-02T16:30:15.000,NYPD,New York City Police Department,Noise - Residential,Loud Music/Party,Residential Building/House,10466,BRONX,Closed,BRONX,MOBILE,40.89187241649303,-73.86016845296459
63588918,2025-01-01T00:03:37.000,2025-01-02T19:55:51.000,HPD,Department of Housing Preservation and Development,HEAT/HOT WATER,APARTMENT ONLY,RESIDENTIAL BUILDING,10031,NEW YORK,Closed,MANHATTAN,PHONE,40.825515150972976,-73.94741268739155
63580325,2025-01-01T00:03:41.000,2025-01-01T00:50:47.000,NYPD,New York City Police Department,Illegal Parking,Blocked Hydrant,Street/Sidewalk,11372,JACKSON HEIGHTS,Closed,QUEENS,ONLINE,40.751248176673506,-73.88648979571101
63572401,2025-01-01T00:03:42.000,2025-01-01T00:17:17.000,NYPD,New York City Police Department,Noise - Commercial,Loud Music/Party,Club/Bar/Restaurant,10012,,Closed,MANHATTAN,PHONE,40.727210576921564,-73.99527001085171
63582434,2025-01-01T00:03:44.000,2025-01-01T00:07:59.000,NYPD,New York City Police Department,Noise - Commercial,Loud Music/Party,Store/Commercial,10031,NEW YORK,Closed,MANHATTAN,MOBILE,40.822592971648255,-73.94952504515548
63582221,2025-01-01T00:03:58.000,2025-01-01T00:53:01.000,NYPD,New York City Police Department,Blocked Driveway,No Access,Street/Sidewalk,11419,SOUTH RICHMOND HILL,Closed,QUEENS,PHONE,40.69436639286425,-73.82020818872152
63573117,2025-01-01T00:04:01.000,2025-01-02T17:05:54.000,NYPD,New York City Police Department,Noise - Residential,Loud Music/Party,Residential Building/House,10466,BRONX,Closed,BRONX,MOBILE,40.89187241649303,-73.86016845296459
63584449,2025-01-01T00:04:01.000,2025-01-01T00:36:10.000,NYPD,New York City Police Department,Noise - Residential,Loud Music/Party,Residential Building/House,10016,NEW YORK,Closed,MANHATTAN,MOBILE,40.74243373615132,-73.97808045851417
63584259,2025-01-01T00:04:03.000,2025-01-01T01:03:27.000,NYPD,New York City Police Department,Noise - Commercial,Loud Music/Party,Store/Commercial,10303,STATEN ISLAND,Closed,STATEN ISLAND,MOBILE,40.63649280542244,-74.15918870902833
63576554,2025-01-01T00:04:07.000,2025-01-01T09:02:20.000,NYPD,New York City Police Department,Noise - Residential,Loud Music/Party,Residential Building/House,10466,BRONX,Closed,BRONX,MOBILE,40.89187241649303,-73.86016845296459
63580908,2025-01-01T00:04:15.000,2025-01-01T00:31:59.000,NYPD,New York City Police Department,Noise - Residential,Loud Music/Party,Residential Building/House,11216,BROOKLYN,Closed,BROOKLYN,ONLINE,40.6848861214723,-73.94907401406522
63572740,2025-01-01T00:04:34.000,2025-01-01T01:20:14.000,NYPD,New York City Police Department,Noise - Residential,Loud Music/Party,Residential Building/House,11418,RICHMOND HILL,Closed,QUEENS,MOBILE,40.70073672965441,-73.82357390513208
63582693,2025-01-01T00:04:34.000,2025-01-01T00:36:03.000,NYPD,New York City Police Department,Noise - Residential,Loud Music/Party,Residential Building/House,10459,BRONX,Closed,BRONX,MOBILE,40.82063662196181,-73.89387201026959
63578101,2025-01-01T00:04:39.000,2025-01-02T17:09:53.000,NYPD,New York City Police Department,Noise - Residential,Loud Music/Party,Residential Building/House,10466,BRONX,Closed,BRONX,MOBILE,40.89187241649303,-73.86016845296459
63572791,2025-01-01T00:04:40.000,2025-01-01T00:13:04.000,NYPD,New York City Police Department,Noise - Street/Sidewalk,Loud Music/Party,Street/Sidewalk,11218,BROOKLYN,Closed,BROOKLYN,MOBILE,40.64635093438008,-73.98117864693046
63583735,2025-01-01T00:04:42.000,2025-01-01T00:53:46.000,NYPD,New York City Police Department,Illegal Parking,Blocked Hydrant,Street/Sidewalk,11223,BROOKLYN,Closed,BROOKLYN,PHONE,40.59764482855865,-73.98253912166382
63579100,2025-01-01T00:04:44.000,2025-01-01T00:22:45.000,NYPD,New York City Police Department,Illegal Fireworks,N/A,Street/Sidewalk,11694,FAR ROCKAWAY,Closed,QUEENS,ONLINE,40.583779713772984,-73.81908022931994
63582776,2025-01-01T00:04:47.000,2025-01-01T00:22:55.000,NYPD,New York City Police Department,Noise - Residential,Loud Music/Party,Residential Building/House,11223,BROOKLYN,Closed,BROOKLYN,PHONE,40.59929573528564,-73.96433917153648
63574641,2025-01-01T00:04:54.000,2025-01-01T09:01:52.000,NYPD,New York City Police Department,Noise - Residential,Loud Music/Party,Residential Building/House,10466,BRONX,Closed,BRONX,MOBILE,40.89187241649303,-73.86016845296459
63584223,2025-01-01T00:04:54.000,2025-01-01T00:43:02.000,NYPD,New York City Police Department,Illegal Fireworks,N/A,Street/Sidewalk,11226,BROOKLYN,Closed,BROOKLYN,ONLINE,40.63931993845443,-73.95544677055621
63574681,2025-01-01T00:04:57.000,2025-01-01T03:05:10.000,NYPD,New York City Police Department,Noise - Residential,Loud Music/Party,Residential Building/House,10039,NEW YORK,Closed,MANHATTAN,MOBILE,40.830362260625506,-73.93640207830494
63582137,2025-01-01T00:05:00.000,2025-01-01T00:05:00.000,DOT,Department of Transportation,Traffic Signal Condition,Controller,,11360,QUEENS,Closed,QUEENS,UNKNOWN,40.788192536354515,-73.79058461823271
63582455,2025-01-01T00:05:06.000,2025-01-01T00:55:24.000,NYPD,New York City Police Department,Noise - Residential,Banging/Pounding,Residential Building/House,10025,NEW YORK,Closed,MANHATTAN,PHONE,40.79692992181987,-73.96455113216999
63579722,2025-01-01T00:05:17.000,2025-01-01T02:29:07.000,NYPD,New York City Police Department,Noise - Residential,Banging/Pounding,Residential Building/House,11368,CORONA,Closed,QUEENS,MOBILE,40.74123936266019,-73.85144122303508
63581613,2025-01-01T00:05:17.000,2025-01-02T16:30:16.000,NYPD,New York City Police Department,Noise - Residential,Loud Music/Party,Residential Building/House,10466,BRONX,Closed,BRONX,MOBILE,40.89187241649303,-73.86016845296459
63582496,2025-01-01T00:05:19.000,2025-01-01T00:32:11.000,NYPD,New York City Police Department,Noise - Residential,Loud Music/Party,Residential Building/House,11216,BROOKLYN,Closed,BROOKLYN,ONLINE,40.68489158067552,-73.94900550282144
63574006,2025-01-01T00:05:22.000,2025-01-01T00:54:11.000,NYPD,New York City Police Department,Noise - Commercial,Banging/Pounding,Store/Commercial,11375,FOREST HILLS,Closed,QUEENS,MOBILE,40.719006004974794,-73.84663871262093
63574272,2025-01-01T00:05:24.000,2025-01-01T00:39:07.000,NYPD,New York City Police Department,Noise - Street/Sidewalk,Loud Music/Party,Street/Sidewalk,10029,NEW YORK,Closed,MANHATTAN,MOBILE,40.79459199268616,-73.93955304171452
63572361,2025-01-01T00:05:30.000,2025-01-01T00:54:18.000,NYPD,New York City Police Department,Illegal Fireworks,N/A,Street/Sidewalk,11385,RIDGEWOOD,Closed,QUEENS,ONLINE,40.70094449150864,-73.88599840465983
63581768,2025-01-01T00:05:39.000,2025-01-01T08:38:11.000,NYPD,New York City Police Department,Noise - Residential,Loud Music/Party,Residential Building/House,10466,BRONX,Closed,BRONX,MOBILE,40.89187241649303,-73.86016845296459
63582506,2025-01-01T00:05:45.000,2025-01-01T00:22:55.000,NYPD,New York City Police Department,Noise - Residential,Loud Music/Party,Residential Building/House,10024,NEW YORK,Closed,MANHATTAN,ONLINE,40.789115535405514,-73.97438519569404
63573235,2025-01-01T00:05:55.000,2025-01-02T17:08:18.000,NYPD,New York City Police Department,Noise - Residential,Loud Music/Party,Residential Building/House,10466,BRONX,Closed,BRONX,MOBILE,40.89187241649303,-73.86016845296459
63582523,2025-01-01T00:05:56.000,2025-01-01T00:28:28.000,NYPD,New York City Police Department,Illegal Fireworks,N/A,Street/Sidewalk,11226,BROOKLYN,Closed,BROOKLYN,ONLINE,40.63952878062261,-73.95606637879956
63582680,2025-01-01T00:06:04.000,2025-01-01T00:37:50.000,NYPD,New York City Police Department,Noise - Residential,Loud Music/Party,Residential Building/House,10029,NEW YORK,Closed,MANHATTAN,PHONE,40.796620057618014,-73.93900222373162
63584429,2025-01-01T00:06:12.000,2025-01-01T00:21:10.000,NYPD,New York City Police Department,Noise - Street/Sidewalk,Loud Music/Party,Street/Sidewalk,11426,BELLEROSE,Closed,QUEENS,MOBILE,40.72770935246953,-73.71520583869129
63576014,2025-01-01T00:06:18.000,2025-01-01T00:39:22.000,NYPD,New York City Police Department,Noise - Street/Sidewalk,Loud Music/Party,Street/Sidewalk,11219,BROOKLYN,Closed,BROOKLYN,MOBILE,40.62473988161201,-74.00563052831353
63579709,2025-01-01T00:06:25.000,2025-01-01T09:01:54.000,NYPD,New York City Police Department,Noise - Residential,Loud Music/Party,Residential Building/House,10466,BRONX,Closed,BRONX,MOBILE,40.89187241649303,-73.86016845296459
63577404,2025-01-01T00:06:28.000,2025-01-01T00:59:01.000,NYPD,New York City Police Department,Illegal Fireworks,N/A,Street/Sidewalk,11103,ASTORIA,Closed,QUEENS,ONLINE,40.766367056677225,-73.91630829565887
63574516,2025-01-01T00:06:32.000,2025-01-01T02:09:56.000,NYPD,New York City Police Department,Illegal Fireworks,N/A,Street/Sidewalk,11385,RIDGEWOOD,Closed,QUEENS,ONLINE,40.70336290395068,-73.86354294968811
63584323,2025-01-01T00:06:32.000,2025-01-01T00:32:25.000,NYPD,New York City Police Department,Noise - Residential,Loud Music/Party,Residential Building/House,11216,BROOKLYN,Closed,BROOKLYN,ONLINE,40.68489158067552,-73.94900550282144
63578337,2025-01-01T00:06:33.000,2025-01-02T17:08:12.000,NYPD,New York City Police Department,Noise - Residential,Loud Music/Party,Residential Building/House,10466,BRONX,Closed,BRONX,MOBILE,40.89187241649303,-73.86016845296459
63580659,2025-01-01T00:06:40.000,2025-01-01T00:50:29.000,NYPD,New York City Police Department,Noise - Park,Loud Music/Party,Park/Playground,11368,CORONA,Closed,QUEENS,ONLINE,40.742377064999275,-73.84215697754966
63579043,2025-01-01T00:06:44.000,2025-01-01T01:06:52.000,NYPD,New York City Police Department,Noise - Residential,Banging/Pounding,Residential Building/House,10457,BRONX,Closed,BRONX,PHONE,40.848533419181855,-73.90598670450618
63572741,2025-01-01T00:06:46.000,2025-01-01T00:51:36.000,NYPD,New York City Police Department,Noise - Residential,Loud Music/Party,Residential Building/House,10309,STATEN ISLAND,Closed,STATEN ISLAND,MOBILE,40.53603719091573,-74.2110284673498
63577254,2025-01-01T00:06:58.000,2025-01-01T00:42:19.000,NYPD,New York City Police Department,Illegal Fireworks,N/A,Residential Building/House,11368,CORONA,Closed,QUEENS,ONLINE,40.75732443338069,-73.8608948835659
63580634,2025-01-01T00:07:00.000,2025-01-01T00:23:39.000,NYPD,New York City Police Department,Illegal Fireworks,N/A,Street/Sidewalk,11218,BROOKLYN,Closed,BROOKLYN,ONLINE,40.637950282371406,-73.97308845681756
63582454,2025-01-01T00:07:02.000,2025-01-01T00:23:10.000,NYPD,New York City Police Department,Noise - Residential,Banging/Pounding,Residential Building/House,11370,EAST ELMHURST,Closed,QUEENS,MOBILE,40.768725715285676,-73.90023282970962
63577650,2025-01-01T00:07:04.000,2025-01-01T01:07:34.000,NYPD,New York City Police Department,Noise - Street/Sidewalk,Loud Music/Party,Street/Sidewalk,11361,,Closed,QUEENS,MOBILE,40.75651724651106,-73.76185493540633
63584779,2025-01-01T00:07:11.000,2025-01-02T17:03:48.000,NYPD,New York City Police Department,Noise - Residential,Loud Music/Party,Residential Building/House,10466,BRONX,Closed,BRONX,MOBILE,40.89187241649303,-73.86016845296459
63585070,2025-01-01T00:07:11.000,2025-01-01T09:01:05.000,NYPD,New York City Police Department,Noise - Residential,Loud Music/Party,Residential Building/House,10466,BRONX,Closed,BRONX,MOBILE,40.89187241649303,-73.86016845296459
63572376,2025-01-01T00:07:15.000,2025-01-01T00:20:48.000,NYPD,New York City Police Department,Illegal Fireworks,N/A,Street/Sidewalk,10040,,Closed,MANHATTAN,ONLINE,40.85430892959979,-73.93008216434878
63579200,2025-01-01T00:07:15.000,2025-01-01T00:24:41.000,NYPD,New York City Police Department,Illegal Fireworks,N/A,Street/Sidewalk,11236,BROOKLYN,Closed,BROOKLYN,ONLINE,40.63730711143435,-73.89498147482593
63582825,2025-01-01T00:07:17.000,2025-01-01T01:08:27.000,NYPD,New York City Police Department,Noise - Street/Sidewalk,Loud Music/Party,Street/Sidewalk,11229,BROOKLYN,Closed,BROOKLYN,MOBILE,40.60550170477247,-73.9496279524979
63574597,2025-01-01T00:07:19.000,2025-01-02T08:55:17.000,DSNY,Department of Sanitation,Illegal Dumping,Removal Request,Sidewalk,11373,ELMHURST,Closed,QUEENS,ONLINE,40.73349504115585,-73.88366589807944
63572348,2025-01-01T00:07:20.000,2025-01-01T00:28:46.000,NYPD,New York City Police Department,Illegal Fireworks,N/A,Street/Sidewalk,11226,BROOKLYN,Closed,BROOKLYN,ONLINE,40.63927348936784,-73.95599808664286
63572219,2025-01-01T00:07:36.000,2025-01-01T01:33:12.000,NYPD,New York City Police Department,Blocked Driveway,No Access,Street/Sidewalk,11436,JAMAICA,Closed,QUEENS,PHONE,40.68090238132234,-73.79505336372328
63582601,2025-01-01T00:07:40.000,2025-01-01T00:36:46.000,NYPD,New York City Police Department,Noise - Residential,Loud Music/Party,Residential Building/House,11358,FLUSHING,Closed,QUEENS,MOBILE,40.75862081082028,-73.80801106063254
63573989,2025-01-01T00:07:42.000,2025-01-01T00:57:05.000,NYPD,New York City Police Department,Noise - Residential,Loud Music/Party,Residential Building/House,10458,BRONX,Closed,BRONX,MOBILE,40.867411868569576,-73.88518515766692
63575399,2025-01-01T00:07:48.000,2025-01-01T01:07:34.000,NYPD,New York City Police Department,Blocked Driveway,No Access,Street/Sidewalk,10312,STATEN ISLAND,Closed,STATEN ISLAND,PHONE,40.542613580200246,-74.17161192081386
63576609,2025-01-01T00:07:49.000,2025-01-02T17:09:50.000,NYPD,New York City Police Department,Noise - Residential,Loud Music/Party,Residential Building/House,10466,BRONX,Closed,BRONX,MOBILE,40.89187241649303,-73.86016845296459
63577482,2025-01-01T00:07:50.000,2025-01-01T00:51:05.000,NYPD,New York City Police Department,Illegal Fireworks,N/A,Residential Building/House,10309,STATEN ISLAND,Closed,STATEN ISLAND,ONLINE,40.54258985437134,-74.22083203437006
63584393,2025-01-01T00:07:52.000,2025-01-01T00:44:28.000,NYPD,New York City Police Department,Noise - Residential,Loud Music/Party,Residential Building/House,11354,FLUSHING,Closed,QUEENS,MOBILE,40.76300697568702,-73.82170871019045
63575983,2025-01-01T00:07:54.000,2025-01-01T00:13:30.000,NYPD,New York City Police Department,Noise - Street/Sidewalk,Loud Talking,Street/Sidewalk,11232,BROOKLYN,Closed,BROOKLYN,MOBILE,40.644859291626524,-73.99784152051204
63584043,2025-01-01T00:07:55.000,2025-01-01T00:22:35.000,NYPD,New York City Police Department,Noise - Commercial,Loud Music/Party,Club/Bar/Restaurant,10025,NEW YORK,Closed,MANHATTAN,ONLINE,40.799597178259965,-73.96259209004475
63573307,2025-01-01T00:07:57.000,2025-01-01T09:02:03.000,NYPD,New York City Police Department,Noise - Residential,Loud Music/Party,Residential Building/House,10466,BRONX,Closed,BRONX,MOBILE,40.89187241649303,-73.86016845296459
63574062,2025-01-01T00:08:01.000,2025-01-01T00:56:06.000,NYPD,New York City Police Department,Noise - Residential,Banging/Pounding,Residential Building/House,11356,COLLEGE POINT,Closed,QUEENS,PHONE,40.786390187584374,-73.84297347548763
63577453,2025-01-01T00:08:09.000,2025-01-01T00:49:01.000,NYPD,New York City Police Department,Noise - Residential,Loud Music/Party,Residential Building/House,10033,NEW YORK,Closed,MANHATTAN,ONLINE,40.850723542254315,-73.93336078356981
63575331,2025-01-01T00:08:11.000,2025-02-12T22:19:14.000,DOHMH,Department of Health and Mental Hygiene,Smoking or Vaping,Allowed in Smoke Free Area,Other,10471,BRONX,Closed,BRONX,PHONE,40.89925607022692,-73.89715755990375
63574357,2025-01-01T00:08:21.000,2025-01-01T01:11:23.000,NYPD,New York City Police Department,Noise - Residential,Loud Talking,Residential Building/House,10467,BRONX,Closed,BRONX,PHONE,40.866394648546,-73.86347957415711
63581616,2025-01-01T00:08:24.000,2025-01-01T02:31:42.000,NYPD,New York City Police Department,Noise - Street/Sidewalk,Loud Talking,Street/Sidewalk,11416,OZONE PARK,Closed,QUEENS,MOBILE,40.68334707062442,-73.85600142406201
